phishing,"holiday voucher # 608324 tropical travel package you are receiving this email because you opted in at one of our associates . please do not reply to this email as this address does not accept mail . to remove yourself from this list and not receive future offersplease click here , or send a request ( including email address ) to : voucher fulfillmentl 001 creek road , xxx fort lauderdale"
phishing,"your pharmacy here. would you want cheap perscriptions ? click http://www.example.com/"
phishing,"Make money fast with this scheme! visit the link to know more"
phishing,"save up to 80 % on software products ! save your company thousands of dollars when it needs software ! that promotion just got closer . . . incredible deals on software you need ! free delivery on 10 % more off on orders over $ 200 ! check it out ! !"
phishing,"hi,i sent you an email a few days ago , because you now qualify for a new mortgage . you could get $ 300 , 000 for as little as $ 700 a month ! bad credit is no problem , you can pull cash out or refinance . please click on this link : best regards"
phishing,"replica premium watches and other popular brands hi , get these replica watches from $ 199 : popular brands have a look ?"
phishing,"the bast pharma out ther - same da - y shijpping ! hi ! this is for sure one of the best pahrma we can offer you . we can give special deels and more ."
phishing,"we deliver to your door within 24 hours !"
nonphishing,"thanks for the help but i don ' t think i asked the right question . i need customers on the purchase side . sorry for the misuderstanding . if you could send a list that would be great .sorry again for the inconvenience ."
nonphishing,"unify close schedule the following is our tentative close schedule for this coming month . please keep in the mind the following key times .all errors must be clear by this time . accrual process begins monday . please ensure that i am contacted as soon as possible . thank you"	
nonphishing,"i can receive attachments on my email address . send me one and see if i get it ."
nonphishing,"customer trip proposal please find attached the customer trip proposal as prepared by myself. you will find included the approval form for the executive office with the cost"
nonphishing,"the delivery of the equipment you ordered is rescheduled . - - - automatic notification system ( request # : nchs - 52 bjs 6 ) requested for : user requested by : user . your order ( see below ) has been assigned.technician will contact you for information and delivery time . please contact the technician if you have any question"																														
nonphishing,"my vacation i will be on vacation the week of july 17 th through july 21 st . if you have any questions please refer them to dave . if you need to get in touch with me you can try my phone"
nonphishing,"we have been working on this matter . we are getting the contracts and counter parties activated so they can be pathed for september . i talked to the team this morning and they are working to get the counter parties active . thanks"
nonphishing,"account activated thank you for replying to the verification . congratulations your account has been activated ! you have been added discussion list"
phishing,"shopping for mortgages made easy good day , your application has been pre - approved on thurdsay , august 12 th . your mtg process is pre - approved for rates starting at 3 . 25 % fixed . please use our secure site to fill - out your application .we look foward to hearing from you . have a great day"
phishing,"we cannot cancel your payment no 4722704408, contact you bank"
phishing,"best software prices . save your company thousands of dollars when it needs software ! that promotion just got closer ."
phishing,"the perfect gift buy - premium watch for yourself . all watches arrive in a luxury gift box - the perfect gift ! we have in stock watches like :"										
phishing,"alert : spam prevention cllck the stop sign to stop spam once and for all !"
nonphishing,"Dear Sir / Madam - your latest statement was mailed to your communication address. After your payment is received - you will receive a confirmation text message at your mobile number. Thanks customer support"
nonphishing,"memo from management please review the attached memo"
nonphishing,"What is the best way to tackle this negotiation? Need some intel"							
nonphishing,"follow - up just following up to my week ago note . my expectation is you would have a plan by the time i would come back"																
nonphishing,"hi following up conversations i have had with several of you. i would appreciate your consideration of the following candidiate for a position. they have an undergraduate degree.thanks much."
nonphishing,"I have joined back office. Not sure if you are still working in the same department"
nonphishing,"adjusted volumes report for january please see attached file."
nonphishing,"announcement for wednesday night as you know there will be a combined high school / middle school demo this coming sunday evening.i just got word today that part of the time will be spent doing some service oriented things"
nonphishing,"out of the office i will be out of the office beginning thursday , 12 / 24 , returning on tuesday , 1 / 4 . in my absence i have asked others to be the point person for operations"
nonphishing,"monthly manangement lunch please clear your calendars for lunch on wednesday , march 8 th from 11 : 30 - 1 : 00 . this will be a lunch for the management team only."
nonphishing,"june vacation please submit your june vacation to me asap . thank you !"
nonphishing,"new employee i am pleased to announce that a new colleague will be joining the team next week , april 10 th . they join us from another department and previously from another company . they can be reached at ext ."
nonphishing,"work assignments i see that you have alot of the things that are on the error report,some of which i am not sure that i have assigned to you . if anyone tells you that you are now doing something off of their desk,please refer them to me at this time."
nonphishing,"updated spreadsheet here is the lastest. please make sure that you look at this carefully . there are some weird changes that happened . please make sure that you forward this on to whom ever needs it . if you have any questions please feel free to call me."	
phishing,"cheap prices on your medication delivered to your doorstep . doctor writes prescription online . licensed . - great prices - overnight shipping"																					
phishing,"use the links to get more information on rx meds needn ' t deliver you speedy parcel post with a costless professional prescriipttion attached low prices"
nonphishing,"new storage flag at your earliest convenience.please add the new storage flag to all your storage deals . you can find them in the portfolio shown below"																											
nonphishing,"contract status needed on monday we have to file a transition plan. details are needed. i have received some emails however i would like each manager to put together a summary in an excel spreadsheet"
nonphishing,"new contact for future please note that i will be leaving the company as of march 23. please send future e - mails regarding changes to the team"
nonphishing,"nominations for october 20 see attached file"
phishing,"notification from the bank # 6521 online banking users , we have noticed a numerous number of failed login attempt in youe  online banking account . in this situation , we had to disable you account access . that means we have blocked all kind of my access in your online account . to unblock you account  please click here or follow the link and complete the verification process and identify yourself as the real owner of account"
phishing,"you don _ t know how to get into search engine results ? submitting your website in search engines may increase your online sales dramatically . lf you invested time and money into your website "
phishing,"perfect visual solution for your business now working on your company ' s image ? start with a visual identity a key to the first good impression . we are here to help you ! we ' ll take part in buiiding a positive visual imaqe of your company by creatinq an outstandinq loqo"
phishing,"all graphics software available  cheap  versions . good morning  we we offer latest  packages of all graphics and publishing software"
phishing,"almost - guaranteed issue term almost guarantee issue term for impaired risk market 10 year level term"
phishing,"localized software , all languages available . hello , we would like to offer localized software versions ( qerman , french , spanish , english , and many others )"
phishing,"save your money buy getting this thing here you have not tried yet ? than you cannot even imagine what it is like to be a real"
phishing,"logo your business identity our art team creates a custom logo for you. years of experience have taught us how to create a logo that makes a statement that is unique to you. click the link to know more."
phishing,"internet connection speed may not be optimized  unable to see graphics ? please go here to view this email! accelerate your internet speed up to three times faster. please feel free to forward this email to friends and family who may be interested in this newsletter ."